listerner,gender,age,number_of_test_done
L000ED7D8E6,30-39,female,1
L00FC812908,40-49,female,2
L010DBADAD5,30-39,female,2
L0113DC6ED3,60-69,male,1
L0161892F17,40-49,male,1
L0174ACC974,30-39,male,1
L019C59D863,60-69,male,1
L01B54F1F3C,30-39,male,1
L01C4BFA34C,40-49,female,2
L02BDDCE5AB,30-39,female,1
L02C39E2395,30-39,male,1
L02CD26F9B9,50-59,female,1
L02F34718DB,40-49,female,1
L043F5FE561,30-39,female,1
L0441ED989E,40-49,female,2
L04D887358A,50-59,male,1
L04F0D8DA41,40-49,female,1
L054EA5472A,40-49,female,1
L055BCC20B3,50-59,female,10
L057556949F,40-49,female,2
L06A6994C16,30-39,female,2
L0761944648,30-39,female,1
L0768F69CBE,30-39,male,1
L083DE1EC18,30-39,female,1
L08AA20C983,30-39,female,1
L0A72F09273,30-39,male,1
L0AB0377CF3,18-29,female,1
L0AD0CE9697,18-29,male,1
L0B1AD1AD2F,40-49,female,1
L0B1E3BDDA7,18-29,female,2
L0C0E752DD8,30-39,female,1
L0C3C83C71F,18-29,male,1
L0C897244E6,18-29,female,1
L0C95B525CA,18-29,female,1
L0CA974224C,50-59,female,1
L0CB8604B13,40-49,male,1
L0D0D000397,30-39,female,4
L0D4B785AED,18-29,male,1
L0D51F2AC36,60-69,male,1
L0D65C80065,18-29,female,1
L0D9829D292,60-69,male,1
L0DA20B6330,40-49,female,5
L0DB78BBDFF,30-39,female,2
L0DDAE858AE,40-49,female,1
L0E7D5E65B5,30-39,female,1
L0E8E2F90CB,40-49,male,5
L0EAA5F058A,40-49,male,1
L0EE3AF8365,30-39,female,3
L0F663E55CC,30-39,male,1
L0F99CE1C3A,40-49,female,1
L0FE53D8211,30-39,female,1
L0FEB88DC92,30-39,female,1
L10E5D758FC,40-49,female,1
L114369185E,40-49,female,1
L11D99C9607,18-29,female,1
L126ADAB65B,30-39,male,1
L12E6322538,18-29,female,1
L1351DCF2E7,50-59,female,1
L13B9EBD2AD,30-39,female,1
L13CBB91F92,30-39,female,1
L14799B3A92,30-39,female,1
L148A194146,40-49,female,5
L1692747A7B,50-59,female,2
L16AEE47E2A,40-49,male,1
L16DB73703E,18-29,male,1
L177348927D,30-39,female,1
L17AE3F37E1,60-69,male,3
L1822467F7F,30-39,female,4
L188BEC2C0B,18-29,female,1
L18F573456D,40-49,female,1
L19E636B0B1,18-29,female,1
L1AB141C4EB,30-39,male,1
L1ABABDC2E2,30-39,female,1
L1BF30A4BF3,30-39,female,1
L1C1C559405,30-39,female,1
L1CCE6ED766,18-29,female,1
L1E1126CCDF,40-49,female,1
L1E7510D3A9,50-59,male,1
L1E80AD6089,40-49,female,1
L1EA77F0DBA,30-39,female,2
L1EF3C9612E,30-39,female,1
L1EF76FC927,30-39,female,2
L1F8AD5C475,30-39,female,1
L2027955572,30-39,female,1
L2037BF538C,18-29,female,1
L211B8FD90E,30-39,female,1
L21428D9208,30-39,female,1
L2177EA7103,18-29,female,1
L21AB4AE1ED,18-29,female,1
L21D4B93CB4,30-39,male,3
L21DEC5EE83,18-29,female,1
L229FC3027A,18-29,female,1
L22B8C604A8,30-39,male,2
L22D6FD3023,40-49,male,5
L24725ED621,18-29,female,1
L24CB62D576,40-49,female,2
L252F0F39EC,30-39,male,1
L25D45D955E,30-39,female,1
L267DDE6ABC,30-39,female,2
L267E5CE403,40-49,female,1
L26CA76760B,40-49,male,1
L27415518BF,30-39,female,1
L277B34C2B0,30-39,female,1
L27A56F739E,30-39,male,1
L27C8620E34,40-49,female,1
L2814136209,30-39,female,7
L28D6F04331,18-29,female,1
L28E65523A3,18-29,female,1
L2994AA6206,40-49,female,6
L29EE66A5B6,40-49,female,3
L2A28EB0D3B,50-59,female,5
L2A47FFDAF0,30-39,female,2
L2AB5E06FB4,60-69,female,1
L2ADCB5A84A,18-29,female,1
L2BC99A7A07,50-59,female,3
L2BD208C946,18-29,female,1
L2CD1408BE9,40-49,female,4
L2CDC82685D,18-29,male,5
L2DB83F5AC2,30-39,female,1
L2E21047A69,50-59,female,1
L2E6143FB7C,30-39,female,2
L2EA1086C8F,30-39,female,1
L2EBE492077,30-39,female,1
L2EE0D00B02,50-59,female,2
L2F4706C784,40-49,female,7
L2F814915A6,30-39,female,1
L2F9BB024F8,18-29,female,5
L2FE28D1645,40-49,female,2
L30735F2A5F,30-39,female,1
L30ED5343C1,60-69,male,1
L3195DA0382,30-39,male,1
L319907137B,18-29,female,1
L31BACA30B0,50-59,female,1
L31D6396367,18-29,male,1
L321653928B,18-29,female,1
L32CDD0F291,40-49,female,3
L32DC9CE6AB,40-49,female,1
L3380CF37F7,50-59,female,3
L348676372A,30-39,female,1
L34BF100EA4,18-29,female,1
L352091825F,30-39,female,2
L3540CEBA9B,50-59,female,1
L3577F824CC,30-39,female,1
L35EF04938E,40-49,male,1
L363D9A94D0,60-69,male,1
L3662A51095,50-59,female,8
L366CAD75E3,18-29,male,1
L3786B6F795,30-39,female,1
L37E7A1AC60,40-49,male,1
L385A335124,40-49,male,1
L3865BDD52F,30-39,female,5
L386C1AB761,30-39,female,1
L387EFAEAEC,30-39,female,1
L38D000B45B,18-29,female,1
L38DCD30843,30-39,female,1
L3983DB53BA,40-49,female,1
L39A5A462FC,40-49,female,1
L39B837A03F,30-39,female,1
L39DADC6BD8,30-39,female,1
L3A0F401645,40-49,female,1
L3A1E1497EE,40-49,female,1
L3A393F4E2C,40-49,male,1
L3A4E8ADE92,50-59,female,1
L3A53C87FAC,50-59,female,1
L3B1D1A6BDE,50-59,female,1
L3B2CC4D827,30-39,male,1
L3BA36317C1,30-39,female,1
L3BC984A1AC,18-29,female,2
L3C9B17AB0B,50-59,female,1
L3D264C70E2,30-39,female,1
L3D712096EB,18-29,female,1
L3DBD9D500D,18-29,female,1
L3DC075AAB1,18-29,male,5
L3E13AB325B,30-39,male,1
L3EFA44FA3F,30-39,female,1
L3F5390970A,30-39,female,1
L4048E6E696,30-39,female,1
L405DC4F81B,18-29,male,1
L42BC2DD9CF,40-49,female,1
L431D921616,30-39,female,1
L43364B54F5,30-39,female,1
L436CFDB19A,30-39,female,1
L43A684C036,18-29,female,1
L43C183DDBF,18-29,female,1
L43E4354A0A,30-39,female,6
L444022659E,18-29,female,2
L446330EE93,40-49,female,1
L44A93E5D95,40-49,female,1
L450B96BD64,40-49,male,5
L453D487325,30-39,female,1
L45F033933D,30-39,female,1
L462E60CB8E,50-59,female,1
L469EA1BFCC,40-49,female,1
L46BCBE2A1C,18-29,female,5
L46DC114DA8,18-29,female,1
L47531E69D3,18-29,female,1
L4797371DB4,30-39,female,1
L47C8579661,18-29,female,1
L47F9B3DFEC,40-49,female,1
L48528CE26D,50-59,female,1
L4927D55AE7,40-49,male,1
L4AB1F44030,40-49,female,5
L4ADA8739E2,60-69,male,6
L4BAB6DD77E,40-49,female,1
L4C0D8DA3F2,30-39,male,1
L4C7CCA03E5,40-49,female,1
L4CC48835F3,40-49,female,1
L4D2E387A88,30-39,female,5
L4DC61CC13F,40-49,male,1
L4E501610F6,40-49,male,4
L4E59FE7C2B,18-29,male,1
L4EA2AA5071,40-49,female,1
L4EE486883C,18-29,male,1
L4F01F22CEF,40-49,female,2
L4F0BE3DCD2,18-29,female,1
L4F27D0F404,30-39,female,2
L4F74614D45,40-49,female,1
L5067936520,18-29,female,1
L50961E2B74,60-69,female,1
L50B4BDB4D9,18-29,female,1
L5181E3D74B,50-59,female,1
L5216A09A45,40-49,male,1
L5224B0B40A,18-29,female,1
L5282A5C8EE,50-59,male,1
L52AEBB67AB,30-39,female,1
L52CF3BF610,50-59,female,1
L52E1F7171D,30-39,female,2
L52EC81AF19,40-49,female,2
L52F04CEA3F,40-49,female,1
L52F3315452,30-39,male,1
L530BC61EC2,30-39,female,1
L532E389714,30-39,male,1
L536F2B9604,40-49,female,8
L5396A31B4C,30-39,female,1
L5399B3AAEE,30-39,female,2
L539A8A7CDD,60-69,male,1
L53E57DD273,18-29,male,1
L54001613DF,50-59,female,1
L544A0CA0AC,30-39,female,4
L54A8F079FA,18-29,female,1
L556D48F98B,50-59,female,1
L556EE5C853,30-39,female,10
L55E973DA91,40-49,female,1
L56034DDEB5,40-49,female,1
L577A3E1792,40-49,female,1
L57C6C9819E,50-59,female,5
L580AFFFB62,30-39,female,1
L586F5C1F00,30-39,male,5
L58ADB33517,30-39,male,1
L59DDF24C58,40-49,female,1
L5A82F27D3B,30-39,female,1
L5AA3A3F832,30-39,female,1
L5B019E2EC1,50-59,female,2
L5B82268E36,40-49,female,1
L5B866D14F1,18-29,female,1
L5C5B2F98CC,50-59,female,1
L5CB4EABEE0,50-59,male,1
L5CD1248EDA,18-29,female,1
L5CEF879D83,18-29,male,1
L5D814C9D7F,40-49,female,1
L5DCEA1A3AA,60-69,male,2
L5DD47ACF35,30-39,female,5
L5EB2D18E36,18-29,male,1
L60827A67B1,40-49,female,1
L608E98129E,40-49,male,2
L6093410138,18-29,male,1
L60AA3B1745,18-29,female,1
L60EF9AD285,30-39,female,1
L6105913C57,18-29,female,1
L6126BC179C,40-49,female,1
L6320F2252C,50-59,male,2
L636D0AD8AF,60-69,female,1
L63947BD8F9,30-39,female,1
L63CDCF9624,40-49,female,1
L644CB9F602,60-69,male,3
L64D3FD5EDD,50-59,female,1
L657C30DD6D,18-29,female,1
L669F92949B,30-39,female,1
L66A6F2262E,18-29,female,1
L671F675D20,18-29,female,2
L67304D3C4F,40-49,female,2
L674500C5D4,18-29,female,1
L679ED5C8E7,50-59,female,1
L67EFC5D403,18-29,female,1
L68947E5DE7,30-39,female,1
L6898FB1DDF,30-39,female,1
L68EFF733EC,18-29,female,1
L6B33C8EAF3,40-49,male,1
L6B6A1FF9E6,60-69,male,2
L6B82C3B954,30-39,female,1
L6BF4E153FE,40-49,female,1
L6C5F92A16B,30-39,female,1
L6CA226A674,30-39,female,1
L6D403B9A03,30-39,male,1
L6D4048F356,30-39,female,1
L6E5C9E10F0,40-49,female,2
L6F433EA30E,18-29,female,1
L703EE2A604,30-39,female,2
L705D5F66B4,18-29,female,1
L7089B3CB4F,40-49,female,2
L708E1222A1,30-39,female,1
L70E5F9CD3B,40-49,male,1
L70F95B7F21,40-49,female,6
L72162A576B,30-39,male,1
L7374408D2A,40-49,male,1
L73BB4D3EE6,40-49,female,1
L73BBD564F0,30-39,female,1
L74266F4BF1,30-39,female,1
L74E25A3CB5,40-49,female,1
L74ECB05610,30-39,female,1
L74F2949DDE,40-49,female,1
L75248EC2C9,18-29,female,1
L76246800C9,40-49,female,1
L762987860E,30-39,female,1
L76BFCCD7B1,30-39,female,1
L76CED085E8,30-39,female,5
L7702E51B32,30-39,female,3
L77636CA6F7,18-29,female,2
L780DF40330,60-69,female,1
L78677DD101,50-59,female,3
L78C4B6CCB3,30-39,male,1
L79229AC0DE,30-39,male,1
L7925949A33,40-49,female,3
L793672CBC6,18-29,female,1
L79B77CF698,40-49,female,1
L79BABA58B3,30-39,female,1
L7A12F069DB,40-49,female,1
L7A6AFA4EBC,40-49,female,1
L7B23D42B44,50-59,female,10
L7B5B9052D8,30-39,female,1
L7BBEC6216B,50-59,female,1
L7BCE4E3B44,30-39,female,6
L7CACFCBF99,30-39,female,1
L7D7AB3A03E,40-49,female,1
L7D8A39203F,30-39,female,1
L7DB4CC7D40,18-29,female,1
L7E0B692BDA,30-39,female,1
L7E547AD3E3,50-59,male,1
L808FFDD889,50-59,female,1
L81CC5D137C,40-49,female,2
L82122F54AB,18-29,female,1
L8249015000,60-69,male,1
L82BF1534FF,30-39,female,1
L830A09AB41,18-29,female,2
L83AAABF16C,18-29,female,1
L83AE4C9DC5,40-49,female,2
L84DA786669,40-49,female,1
L84FA16321C,40-49,male,1
L851A3688AE,18-29,female,1
L85CFE56568,40-49,female,1
L85DDEDAE45,40-49,female,1
L86DB4B7967,30-39,female,2
L870B6DAAFD,50-59,male,4
L87783AA55C,50-59,male,1
L883D9D702C,18-29,male,1
L88C9589FCC,18-29,female,3
L88E0314BE0,18-29,female,3
L899C98A7DD,18-29,male,1
L89A114FD0F,18-29,female,2
L89F2B69FF9,40-49,female,1
L8A19B68FB6,40-49,male,1
L8A9FC89B4E,40-49,female,2
L8AA64BF5CE,50-59,female,1
L8AB1BBB6AF,40-49,male,1
L8C1587890D,40-49,male,1
L8C5C806EF7,18-29,male,1
L8CE0A3387D,30-39,female,1
L8CE9A44800,18-29,female,1
L8D34B3D9D4,30-39,female,1
L8E03EDEFFB,50-59,female,1
L8E59285834,50-59,female,5
L8EFF9E8516,30-39,female,1
L8F30BA6BD6,40-49,male,1
L8F7997511D,30-39,female,1
L8FA6D328BC,18-29,male,1
L8FF38998F1,50-59,female,2
L90D8B3BD91,50-59,male,1
L912308178B,40-49,female,5
L919B92D27F,30-39,female,1
L92F66033F8,40-49,male,1
L9320D9EB1F,50-59,male,1
L93399A8C9C,30-39,male,1
L93F85A167A,18-29,female,1
L941A488CE8,50-59,male,5
L945C6E6246,40-49,female,1
L959F6EB80E,40-49,female,1
L95F3DBDB7F,30-39,female,1
L9678AAB2FE,50-59,female,3
L9758D9A092,40-49,female,2
L97741F1CAA,50-59,male,1
L979D66DBFD,18-29,female,1
L97A8598BC8,30-39,female,2
L97DF86FF1A,18-29,female,1
L9807A9A13C,18-29,female,2
L9811F800F2,30-39,female,5
L98CDEC5B00,30-39,female,4
L9936A4951A,50-59,female,2
L99E2F301EF,18-29,male,1
L9A35B27890,18-29,male,5
L9A9795D446,40-49,male,1
L9ACDEF699A,18-29,female,1
L9AD087FEED,30-39,female,1
L9B20C6A6DE,40-49,male,1
L9BA187C28B,40-49,male,1
L9BA76B8589,18-29,male,1
L9BA7F5084D,50-59,male,1
L9BDBFCFB9A,50-59,female,1
L9C29871F28,50-59,male,1
L9D25FAD2A0,40-49,female,2
L9D879F7B30,30-39,female,1
L9DD05F5369,40-49,male,1
L9EF1785CE0,40-49,male,1
L9F3977CF5D,40-49,female,4
L9FCFF4026A,18-29,male,1
LA05453EAE8,30-39,female,1
LA0F07A13C0,30-39,female,1
LA146431DBE,30-39,female,1
LA1767AE96B,30-39,male,5
LA2A29DED84,18-29,male,1
LA3379828AF,18-29,female,2
LA3B9CBB6BF,30-39,female,2
LA44B5E89F5,18-29,male,1
LA57819871F,30-39,female,1
LA5A8728B46,50-59,female,1
LA5CC1F2378,18-29,male,1
LA63D256AF4,40-49,female,1
LA681FB5DAF,18-29,female,1
LA6D75D4C50,18-29,female,1
LA78D5A6394,40-49,male,1
LA7E568D1BE,50-59,female,1
LA83D8F17C1,40-49,female,2
LA987551E97,40-49,female,6
LA9BF63402A,40-49,male,1
LAA3620C840,40-49,female,1
LAA48C990B3,50-59,female,1
LAADF982C19,30-39,male,1
LAB263B5FE6,40-49,female,1
LABA21E02F6,30-39,female,1
LABD118AA4A,30-39,female,1
LABF0340AB6,18-29,male,1
LAD7DC39A0B,40-49,female,1
LAD9C0D252A,40-49,male,1
LADDED68F89,30-39,female,1
LADEA3AFFB8,18-29,male,1
LAE3A1D2EF2,30-39,female,1
LAE7E9F4FEC,60-69,female,1
LAEEE548FC2,30-39,female,1
LAFAA84B5A8,30-39,female,1
LB071052EFF,40-49,male,1
LB0C230FE45,30-39,female,1
LB0DAD01195,18-29,female,1
LB2AB0BBBBD,40-49,female,1
LB2FE7A9761,40-49,male,1
LB355FF2842,40-49,female,1
LB3682AFAF5,50-59,female,1
LB442252DAA,40-49,male,1
LB4D4DB3410,40-49,male,1
LB50A9D8522,40-49,female,5
LB53B4706AF,40-49,male,2
LB661C5AADC,40-49,female,3
LB6896B7E79,40-49,male,5
LB7211C9EAD,40-49,male,1
LB763792928,30-39,female,1
LB793E268DB,50-59,female,1
LB83BD2011A,40-49,male,1
LB8504802EC,18-29,male,4
LB870D4BA6A,50-59,female,1
LB9CAF92C52,30-39,male,1
LBB042C9123,30-39,female,1
LBB06D59E69,30-39,female,1
LBB757F699D,50-59,female,1
LBBA3C54C6C,18-29,male,1
LBC03E7B4F2,50-59,female,1
LBC1369C8FE,40-49,male,1
LBC375E73EC,40-49,male,1
LBC86F49A64,30-39,female,1
LBC98251FD5,40-49,male,1
LBC9B38BB92,40-49,male,1
LBD0F718FB4,40-49,male,1
LBDACC2E754,50-59,male,1
LBEBAC481AC,60-69,female,1
LC078FBF315,30-39,female,2
LC0C53CAF2B,30-39,female,1
LC13F5944F3,40-49,male,1
LC1A3ED2561,40-49,female,1
LC2D67C7C2A,50-59,female,5
LC32166B333,18-29,male,1
LC3AA2922F5,18-29,male,1
LC42CB2C757,40-49,female,1
LC51B74F10C,18-29,male,1
LC5571347E8,30-39,male,5
LC585F10E7C,18-29,female,1
LC61163B63E,50-59,female,1
LC6386F968C,40-49,female,1
LC651D8E8A1,30-39,female,1
LC676794072,40-49,female,1
LC68C6BA384,40-49,female,1
LC71D456F4D,40-49,female,5
LC765F04D43,50-59,male,1
LC773784BD3,18-29,female,1
LC837F18465,50-59,female,1
LC8F070AA22,30-39,female,1
LC94084D334,40-49,female,1
LC9464B0703,60-69,female,1
LC985DFDCAF,18-29,male,1
LCA0CCA477F,30-39,male,1
LCA5EB3109F,30-39,female,1
LCA8B3E11B6,50-59,female,1
LCB2591D735,30-39,female,1
LCB74A4B0DC,18-29,female,1
LCBC50C494A,18-29,female,1
LCC4BB17A8A,18-29,female,1
LCD225BE0E7,40-49,female,1
LCD374ACCE4,30-39,female,1
LCD600592D3,50-59,female,1
LCEE8A92967,30-39,female,1
LD0347FEBAE,40-49,female,1
LD0A32484EC,18-29,male,1
LD128F4CF1A,40-49,male,1
LD129168DF2,50-59,female,1
LD148F96397,18-29,female,1
LD14B2D4B26,60-69,female,1
LD18E3AD861,40-49,female,1
LD1E0DB23F0,30-39,female,1
LD24B0F158E,30-39,male,1
LD2781488F2,30-39,female,1
LD2BDE33C8B,40-49,female,1
LD34836B63E,30-39,female,1
LD4087E579D,30-39,female,1
LD583989A27,50-59,male,5
LD59579480D,60-69,female,1
LD6A4E53E37,40-49,female,3
LD7264355A7,40-49,female,4
LD7525AC88B,50-59,female,1
LD781650228,30-39,female,1
LD839F61EEE,30-39,female,1
LD889FCCD68,40-49,female,1
LDA0C846496,40-49,female,1
LDAB9C0B564,18-29,male,1
LDBE9FB0CF3,30-39,female,1
LDD234B3C03,30-39,female,10
LDD388E78F5,30-39,female,1
LDDC4DFA00F,18-29,male,1
LDDDA27EFA7,40-49,female,1
LDE08400E01,50-59,male,2
LDE7496155C,40-49,male,1
LDEAF152B51,30-39,male,5
LDF4BCEA356,30-39,female,1
LE0000061B7,30-39,female,1
LE03B9090A0,40-49,female,1
LE0A8D7C1AB,40-49,female,1
LE1086700C3,18-29,male,1
LE1DAD1FB7D,18-29,male,1
LE25F746A5B,40-49,female,1
LE2F315ECED,18-29,male,1
LE306A64FC9,40-49,female,1
LE390A4FEF6,60-69,male,1
LE3E2E9B11A,18-29,female,1
LE44448CAC2,40-49,female,1
LE45CD9E1C5,40-49,female,1
LE4E6293C57,30-39,female,1
LE598C71016,50-59,female,3
LE61629B54A,18-29,female,1
LE642E57946,40-49,female,5
LE7A08B133E,40-49,female,1
LE956158058,40-49,male,6
LE997D4E0BF,30-39,female,2
LEA09788548,18-29,female,1
LEACF3365CD,60-69,male,1
LEC5922ECBE,30-39,male,1
LECA8A93BF8,40-49,female,3
LECE72896F6,50-59,male,1
LED97830CEB,18-29,male,1
LEE3385C03D,30-39,female,1
LEE79A6444C,40-49,female,1
LF081B2A6EC,50-59,female,1
LF0CAAD236B,40-49,female,1
LF1FB10955A,30-39,female,1
LF1FC3CD77F,18-29,female,1
LF20A11429E,18-29,female,1
LF271BDC4EF,30-39,male,1
LF37AA18BC5,40-49,male,1
LF37F6BD4B6,18-29,male,1
LF49B64DA85,40-49,female,1
LF511B2F22A,30-39,female,3
LF5285C874D,30-39,female,1
LF53D1F4051,60-69,male,1
LF57CA5BB0B,40-49,female,1
LF5A4584B5B,30-39,female,1
LF6A7015F1B,30-39,female,1
LF6BC20A3D5,18-29,female,1
LF706C3828B,18-29,female,1
LF7D5EFF360,30-39,female,1
LF7F9674F65,40-49,male,1
LF88EEC2838,18-29,female,1
LF96403CD1D,50-59,female,3
LF97AC087E4,18-29,female,1
LF9ED97EDF8,30-39,female,4
LFA08AC0F54,30-39,female,1
LFA64C0EBBE,30-39,male,1
LFBA247BA97,40-49,male,1
LFC27DCCADF,40-49,female,1
LFD3930EFEB,60-69,female,1
LFD4460EAFB,18-29,female,1
LFDAA6802CA,30-39,male,1
LFE846C783E,30-39,female,2
LFED10EB991,30-39,female,1
LFF5D37A4BB,40-49,male,1
LFF65CAB7C7,18-29,male,1
M000ED7D8E6,50-59,male,1
M00FC812908,30-39,female,4
M010DBADAD5,18-29,female,1
M0113DC6ED3,60-69,male,1
M0161892F17,50-59,female,1
M0174ACC974,30-39,female,1
M019C59D863,50-59,female,1
M01B54F1F3C,50-59,male,1
M01C4BFA34C,50-59,male,1
M02BDDCE5AB,50-59,male,1
M02C39E2395,30-39,female,1
M02CD26F9B9,18-29,male,1
M02F34718DB,18-29,male,1
M043F5FE561,50-59,female,1
M0441ED989E,40-49,female,1
M04D887358A,30-39,female,1
M04F0D8DA41,30-39,female,1
M054EA5472A,40-49,female,1
M055BCC20B3,18-29,male,1
M057556949F,40-49,female,1
M06A6994C16,50-59,male,5
M0761944648,30-39,female,1
M0768F69CBE,40-49,male,5
M083DE1EC18,50-59,female,1
M08AA20C983,18-29,male,1
M0A72F09273,30-39,male,1
M0AB0377CF3,60-69,male,1
M0AD0CE9697,40-49,female,1
M0B1AD1AD2F,30-39,female,1
M0C0E752DD8,50-59,male,1
M0C3C83C71F,50-59,female,2
M0C897244E6,40-49,female,1
M0C95B525CA,30-39,female,1
M0CA974224C,40-49,female,1
M0CB8604B13,40-49,female,3
M0D0D000397,30-39,female,1
M0D4B785AED,40-49,female,2
M0D51F2AC36,18-29,male,1
M0D65C80065,30-39,female,1
M0D9829D292,40-49,female,1
M0DA20B6330,40-49,male,5
M0DB78BBDFF,60-69,male,1
M0E7D5E65B5,50-59,female,1
M0E8E2F90CB,30-39,female,1
M0EAA5F058A,30-39,male,2
M0EE3AF8365,30-39,female,1
M0F663E55CC,18-29,female,1
M0F99CE1C3A,30-39,female,1
M0FE53D8211,40-49,female,1
M0FEB88DC92,30-39,female,1
M10E5D758FC,40-49,female,1
M114369185E,40-49,male,1
M11D99C9607,30-39,female,2
M126ADAB65B,30-39,female,1
M12E6322538,70+,male,6
M1351DCF2E7,60-69,male,1
M13B9EBD2AD,30-39,male,1
M13CBB91F92,50-59,female,1
M14799B3A92,30-39,female,1
M148A194146,30-39,female,1
M1692747A7B,60-69,male,2
M16AEE47E2A,40-49,female,1
M16DB73703E,40-49,female,1
M177348927D,18-29,female,1
M17AE3F37E1,40-49,male,1
M1822467F7F,40-49,female,5
M188BEC2C0B,40-49,male,1
M18F573456D,50-59,female,1
M19E636B0B1,40-49,female,1
M1ABABDC2E2,50-59,female,1
M1C1C559405,30-39,female,1
M1CCE6ED766,30-39,female,1
M1E7510D3A9,40-49,male,2
M1E80AD6089,30-39,female,1
M1EA77F0DBA,40-49,male,1
M1EF3C9612E,40-49,female,1
M1EF76FC927,18-29,male,1
M1F8AD5C475,30-39,female,1
M2027955572,40-49,female,3
M2037BF538C,40-49,female,1
M211B8FD90E,30-39,male,1
M21428D9208,30-39,female,1
M2177EA7103,50-59,male,1
M21AB4AE1ED,30-39,female,1
M21D4B93CB4,40-49,female,1
M21DEC5EE83,60-69,male,5
M229FC3027A,30-39,female,1
M22B8C604A8,30-39,male,1
M22D6FD3023,40-49,female,1
M24725ED621,40-49,male,1
M24CB62D576,30-39,female,1
M252F0F39EC,50-59,female,1
M25D45D955E,18-29,female,1
M267DDE6ABC,40-49,male,1
M267E5CE403,40-49,male,1
M26CA76760B,40-49,female,1
M27415518BF,40-49,female,1
M277B34C2B0,50-59,female,1
M27A56F739E,60-69,male,1
M27C8620E34,30-39,male,1
M2814136209,40-49,male,1
M28D6F04331,30-39,male,1
M28E65523A3,60-69,female,2
M2994AA6206,30-39,male,5
M29EE66A5B6,40-49,female,1
M2A28EB0D3B,30-39,female,1
M2A47FFDAF0,30-39,female,1
M2AB5E06FB4,30-39,female,1
M2ADCB5A84A,40-49,male,5
M2BC99A7A07,18-29,female,3
M2BD208C946,40-49,female,1
M2CD1408BE9,40-49,female,1
M2CDC82685D,30-39,female,1
M2DB83F5AC2,40-49,female,1
M2E21047A69,50-59,female,1
M2E6143FB7C,18-29,male,1
M2EA1086C8F,50-59,male,1
M2EBE492077,30-39,female,1
M2EE0D00B02,30-39,female,5
M2F814915A6,40-49,male,1
M2F9BB024F8,40-49,male,1
M2FE28D1645,40-49,female,1
M30735F2A5F,18-29,female,5
M30ED5343C1,30-39,female,1
M3195DA0382,30-39,female,1
M319907137B,40-49,male,5
M31BACA30B0,30-39,female,1
M31D6396367,30-39,male,1
M321653928B,40-49,female,1
M32CDD0F291,40-49,female,1
M32DC9CE6AB,60-69,male,1
M3380CF37F7,40-49,male,1
M348676372A,30-39,female,1
M34BF100EA4,30-39,female,1
M352091825F,30-39,female,1
M3540CEBA9B,18-29,female,1
M3577F824CC,30-39,male,1
M35EF04938E,30-39,female,1
M363D9A94D0,30-39,female,2
M3662A51095,40-49,female,1
M366CAD75E3,30-39,female,1
M3786B6F795,30-39,female,1
M385A335124,50-59,female,1
M3865BDD52F,30-39,male,2
M386C1AB761,50-59,female,1
M387EFAEAEC,30-39,female,2
M38D000B45B,40-49,male,1
M38DCD30843,30-39,female,1
M3983DB53BA,60-69,male,1
M39A5A462FC,30-39,female,1
M39B837A03F,50-59,male,1
M39DADC6BD8,40-49,female,1
M3A0F401645,40-49,female,1
M3A1E1497EE,30-39,female,1
M3A393F4E2C,30-39,female,1
M3A4E8ADE92,18-29,female,1
M3A53C87FAC,60-69,female,1
M3B1D1A6BDE,30-39,female,1
M3B2CC4D827,40-49,male,1
M3BA36317C1,50-59,male,1
M3BC984A1AC,18-29,female,1
M3C9B17AB0B,30-39,female,1
M3D264C70E2,30-39,male,1
M3D712096EB,40-49,female,1
M3DBD9D500D,30-39,female,1
M3DC075AAB1,18-29,female,1
M3E13AB325B,40-49,female,1
M3EFA44FA3F,50-59,female,1
M3F5390970A,40-49,female,1
M4048E6E696,30-39,female,1
M405DC4F81B,30-39,male,1
M42BC2DD9CF,40-49,male,1
M431D921616,30-39,male,1
M43364B54F5,30-39,female,1
M436CFDB19A,40-49,female,1
M43A684C036,18-29,female,1
M43C183DDBF,50-59,female,1
M43E4354A0A,18-29,male,1
M444022659E,18-29,male,1
M446330EE93,40-49,male,1
M44A93E5D95,30-39,female,1
M450B96BD64,30-39,female,1
M453D487325,40-49,female,1
M45F033933D,40-49,female,1
M462E60CB8E,18-29,female,1
M469EA1BFCC,40-49,female,5
M46BCBE2A1C,40-49,female,1
M46DC114DA8,30-39,female,1
M47531E69D3,18-29,female,1
M4797371DB4,30-39,male,5
M47C8579661,18-29,female,1
M47F9B3DFEC,40-49,female,1
M48528CE26D,30-39,female,1
M4927D55AE7,30-39,female,2
M4AB1F44030,18-29,male,1
M4ADA8739E2,30-39,male,1
M4BAB6DD77E,50-59,male,1
M4C0D8DA3F2,30-39,male,1
M4CC48835F3,40-49,female,1
M4D2E387A88,40-49,female,1
M4DC61CC13F,30-39,female,1
M4E501610F6,40-49,male,3
M4E59FE7C2B,40-49,female,1
M4EA2AA5071,40-49,male,1
M4EE486883C,18-29,male,1
M4F01F22CEF,18-29,male,1
M4F27D0F404,30-39,female,1
M4F74614D45,30-39,female,1
M5067936520,30-39,male,1
M50961E2B74,40-49,female,1
M50B4BDB4D9,18-29,male,1
M5181E3D74B,30-39,female,1
M5216A09A45,30-39,female,1
M5224B0B40A,40-49,female,1
M52AEBB67AB,30-39,female,1
M52CF3BF610,40-49,male,1
M52E1F7171D,50-59,female,3
M52EC81AF19,50-59,female,1
M52F04CEA3F,50-59,female,1
M52F3315452,18-29,male,1
M530BC61EC2,50-59,male,1
M532E389714,30-39,male,1
M536F2B9604,40-49,female,1
M5396A31B4C,40-49,female,2
M5399B3AAEE,30-39,male,1
M539A8A7CDD,18-29,female,1
M53E57DD273,40-49,male,1
M54001613DF,18-29,male,1
M544A0CA0AC,30-39,female,1
M54A8F079FA,30-39,male,1
M556D48F98B,40-49,female,1
M556EE5C853,50-59,male,1
M55E973DA91,40-49,female,7
M56034DDEB5,50-59,female,1
M57C6C9819E,40-49,female,1
M580AFFFB62,18-29,female,1
M586F5C1F00,40-49,female,1
M58ADB33517,30-39,female,1
M5A82F27D3B,30-39,female,1
M5AA3A3F832,40-49,female,1
M5B019E2EC1,30-39,male,1
M5B82268E36,30-39,female,1
M5B866D14F1,30-39,female,1
M5C5B2F98CC,30-39,female,1
M5CB4EABEE0,40-49,male,1
M5CD1248EDA,50-59,female,1
M5CEF879D83,50-59,female,1
M5D814C9D7F,50-59,female,1
M5DD47ACF35,30-39,female,1
M5EB2D18E36,50-59,female,2
M60827A67B1,40-49,female,6
M608E98129E,30-39,female,1
M6093410138,30-39,female,1
M60AA3B1745,40-49,male,1
M60EF9AD285,40-49,female,1
M6105913C57,30-39,female,1
M6126BC179C,40-49,female,1
M6320F2252C,30-39,female,1
M636D0AD8AF,30-39,male,1
M63947BD8F9,30-39,male,1
M644CB9F602,30-39,female,1
M64D3FD5EDD,30-39,female,1
M657C30DD6D,30-39,female,1
M669F92949B,50-59,female,1
M66A6F2262E,30-39,female,1
M671F675D20,18-29,female,1
M67304D3C4F,40-49,female,1
M674500C5D4,18-29,female,1
M67EFC5D403,30-39,female,1
M6898FB1DDF,18-29,male,1
M68EFF733EC,18-29,female,1
M6B33C8EAF3,40-49,male,1
M6B6A1FF9E6,40-49,female,1
M6B82C3B954,40-49,female,1
M6BF4E153FE,30-39,female,1
M6C5F92A16B,50-59,male,2
M6CA226A674,30-39,male,5
M6D403B9A03,60-69,female,1
M6D4048F356,18-29,male,1
M6E5C9E10F0,18-29,female,1
M6F433EA30E,40-49,female,1
M703EE2A604,30-39,male,1
M705D5F66B4,18-29,female,1
M7089B3CB4F,50-59,female,1
M708E1222A1,30-39,female,1
M70E5F9CD3B,40-49,female,1
M72162A576B,60-69,female,1
M7374408D2A,40-49,female,1
M73BB4D3EE6,40-49,male,2
M73BBD564F0,40-49,female,4
M74266F4BF1,30-39,male,1
M74E25A3CB5,18-29,female,1
M74ECB05610,30-39,female,1
M74F2949DDE,40-49,female,1
M75248EC2C9,30-39,female,1
M76246800C9,40-49,female,2
M762987860E,30-39,female,1
M76BFCCD7B1,40-49,female,2
M76CED085E8,18-29,male,1
M7702E51B32,40-49,male,1
M77636CA6F7,50-59,female,1
M780DF40330,30-39,female,1
M78677DD101,18-29,female,1
M78C4B6CCB3,30-39,female,1
M79229AC0DE,40-49,female,1
M7925949A33,60-69,female,1
M793672CBC6,40-49,female,1
M79BABA58B3,40-49,female,1
M7A12F069DB,18-29,male,1
M7A6AFA4EBC,30-39,female,1
M7B23D42B44,40-49,male,2
M7B5B9052D8,40-49,female,1
M7BBEC6216B,50-59,male,1
M7CACFCBF99,40-49,male,1
M7D7AB3A03E,40-49,female,1
M7D8A39203F,50-59,female,1
M7DB4CC7D40,40-49,female,1
M7E0B692BDA,40-49,female,1
M7E547AD3E3,30-39,female,1
M808FFDD889,40-49,female,1
M81CC5D137C,18-29,female,1
M82122F54AB,40-49,female,1
M8249015000,40-49,female,1
M82BF1534FF,18-29,male,1
M83AAABF16C,18-29,female,1
M83AE4C9DC5,40-49,female,1
M84DA786669,40-49,male,1
M84FA16321C,50-59,female,1
M851A3688AE,30-39,male,1
M85CFE56568,30-39,male,1
M85DDEDAE45,30-39,female,1
M86DB4B7967,30-39,male,1
M88E0314BE0,50-59,male,1
M89A114FD0F,18-29,female,1
M89F2B69FF9,50-59,male,1
M8A19B68FB6,40-49,female,1
M8AA64BF5CE,18-29,female,1
M8AB1BBB6AF,40-49,female,1
M8CE9A44800,30-39,female,1
M8D34B3D9D4,40-49,male,3
M8E59285834,18-29,male,1
M8EFF9E8516,40-49,female,1
M8FA6D328BC,50-59,female,1
M8FF38998F1,30-39,female,1
M912308178B,30-39,male,1
M93F85A167A,50-59,female,1
M97741F1CAA,40-49,male,5
M979D66DBFD,30-39,female,1
M97A8598BC8,30-39,male,1
M97DF86FF1A,30-39,female,1
M9AD087FEED,50-59,female,3
M9BA187C28B,30-39,female,1
M9BDBFCFB9A,30-39,female,1
M9F3977CF5D,40-49,female,1
MA05453EAE8,18-29,male,3
MA0F07A13C0,18-29,male,1
MA3B9CBB6BF,18-29,male,1
MA44B5E89F5,40-49,male,1
MA78D5A6394,30-39,male,5
MA83D8F17C1,50-59,male,1
MA987551E97,30-39,female,1
MA9BF63402A,50-59,female,1
MAD9C0D252A,18-29,female,1
MADDED68F89,30-39,female,1
MAE3A1D2EF2,50-59,female,1
MB793E268DB,40-49,male,1
MBB06D59E69,50-59,female,1
MBC03E7B4F2,30-39,female,1
MC2D67C7C2A,18-29,male,1
MC32166B333,40-49,female,2
MCA0CCA477F,30-39,male,3
MDD388E78F5,50-59,male,1
MF53D1F4051,40-49,female,1
MF96403CD1D,40-49,female,1
N000ED7D8E6,30-39,male,1
N055BCC20B3,30-39,male,1
N0C3C83C71F,50-59,female,1
N0F663E55CC,50-59,male,1
N13CBB91F92,40-49,male,1
N177348927D,18-29,female,1
N19E636B0B1,50-59,female,1
N43364B54F5,50-59,male,1
N47531E69D3,30-39,female,1
N47F9B3DFEC,30-39,female,1
N636D0AD8AF,40-49,female,5
N6D4048F356,50-59,male,1
N705D5F66B4,50-59,female,1
N84DA786669,40-49,female,1
N9320D9EB1F,40-49,female,1
N9FCFF4026A,40-49,female,1
NA2A29DED84,18-29,male,1
NB3682AFAF5,50-59,female,2
NB793E268DB,40-49,female,2
NBB042C9123,30-39,male,1
NCA0CCA477F,40-49,male,1
ND24B0F158E,50-59,female,2
NF57CA5BB0B,40-49,male,1
NFA64C0EBBE,40-49,male,1
O0CA974224C,50-59,male,2
O0D65C80065,50-59,female,1
O0D9829D292,40-49,male,2
O0DDAE858AE,40-49,female,1
O0E8E2F90CB,50-59,female,1
O0EAA5F058A,40-49,female,4
O0F99CE1C3A,30-39,female,1
O1E1126CCDF,40-49,male,1
O3DBD9D500D,30-39,male,1
O436CFDB19A,18-29,female,1
O444022659E,40-49,female,5
O708E1222A1,30-39,female,1
O8FF38998F1,50-59,female,1
O9811F800F2,18-29,female,1
OA0F07A13C0,30-39,female,1
OBC86F49A64,18-29,female,1
OC9464B0703,18-29,female,5
OD6A4E53E37,30-39,female,1
OD781650228,30-39,female,1
OECA8A93BF8,30-39,female,1
OF081B2A6EC,18-29,female,1
OF49B64DA85,40-49,female,1
OF835C080F9,40-49,female,1
OF88EEC2838,50-59,male,1
OF96403CD1D,40-49,male,3
P0441ED989E,30-39,female,1
P0D4B785AED,18-29,female,1
P1ABABDC2E2,40-49,female,3
P2CDC82685D,30-39,female,1
P366CAD75E3,40-49,female,1
P3A1E1497EE,50-59,male,5
P3E13AB325B,18-29,female,1
P4F01F22CEF,30-39,male,5
P50B4BDB4D9,50-59,female,1
P52E1F7171D,40-49,male,1
P536F2B9604,50-59,female,4
P5DCEA1A3AA,40-49,male,5
P6093410138,50-59,female,1
P60EF9AD285,40-49,female,1
P64D3FD5EDD,50-59,male,1
P82122F54AB,40-49,female,1
P84DA786669,18-29,male,3
P851A3688AE,60-69,male,1
P85CFE56568,30-39,female,1
P86DB4B7967,50-59,female,1
P8A19B68FB6,18-29,female,2
P8A9FC89B4E,50-59,male,4
P8AA64BF5CE,50-59,male,1
P8AB1BBB6AF,50-59,male,1
P8F30BA6BD6,40-49,male,1
P9320D9EB1F,18-29,female,1
P93F85A167A,40-49,female,1
P979D66DBFD,40-49,male,2
P9FCFF4026A,60-69,male,1
PA3379828AF,30-39,female,1
PA5A8728B46,30-39,male,1
PA6D75D4C50,30-39,female,4
PADEA3AFFB8,30-39,male,1
PAEEE548FC2,30-39,female,1
PB355FF2842,40-49,female,1
PB50A9D8522,30-39,male,1
PB661C5AADC,40-49,male,5
PB6896B7E79,60-69,male,2
PB793E268DB,30-39,female,1
PB8504802EC,18-29,female,1
PB870D4BA6A,30-39,female,1
PBB042C9123,30-39,female,1
PBC03E7B4F2,40-49,female,1
PBC98251FD5,50-59,female,1
PBC9B38BB92,50-59,female,5
PC078FBF315,40-49,male,1
PC1A3ED2561,40-49,female,1
PC51B74F10C,40-49,female,1
PC585F10E7C,40-49,male,1
PC61163B63E,40-49,female,1
PC651D8E8A1,40-49,male,5
PC68C6BA384,40-49,male,3
PC71D456F4D,30-39,male,5
PC837F18465,50-59,female,1
PC8F070AA22,30-39,female,1
PCB2591D735,18-29,female,1
PCD374ACCE4,40-49,female,1
PCEE8A92967,30-39,female,1
PD148F96397,30-39,female,1
PD14B2D4B26,40-49,male,1
PD18E3AD861,30-39,female,5
PD1E0DB23F0,30-39,female,1
PD2781488F2,18-29,female,1
PD2BDE33C8B,30-39,female,1
PD4087E579D,50-59,female,1
PD59579480D,18-29,male,1
PD7525AC88B,40-49,male,1
PD839F61EEE,50-59,female,5
PDBE9FB0CF3,40-49,male,1
PDD234B3C03,30-39,female,1
PDD388E78F5,40-49,female,1
PDDC4DFA00F,40-49,female,1
PDE08400E01,40-49,female,1
PDF4BCEA356,40-49,female,5
PE1DAD1FB7D,40-49,male,4
PE306A64FC9,40-49,female,1
PE390A4FEF6,30-39,male,5
PE4E6293C57,60-69,male,1
PE598C71016,30-39,female,1
PE7A08B133E,40-49,female,1
PEA09788548,40-49,male,3
PEACF3365CD,50-59,male,5
PEC5922ECBE,50-59,female,1
PECA8A93BF8,40-49,male,5
PF0CAAD236B,50-59,female,1
PF1FB10955A,18-29,male,1
PF271BDC4EF,40-49,male,1
PF37AA18BC5,60-69,female,1
PF49B64DA85,40-49,female,2
PF511B2F22A,40-49,male,1
PF53D1F4051,40-49,female,1
PF57CA5BB0B,30-39,female,3
PF6A7015F1B,40-49,female,1
PF6BC20A3D5,40-49,female,1
PF706C3828B,30-39,male,1
PF7D5EFF360,40-49,female,1
PF7F9674F65,30-39,male,1
PF835C080F9,18-29,female,1
PF88EEC2838,50-59,female,2
PF96403CD1D,40-49,female,1
PF97AC087E4,18-29,female,2
PF9ED97EDF8,30-39,female,1
PFA08AC0F54,18-29,male,1
PFA64C0EBBE,40-49,male,2
PFBA247BA97,18-29,female,1
PFC27DCCADF,30-39,female,5
PFD3930EFEB,40-49,male,1
PFD4460EAFB,30-39,male,2
PFDAA6802CA,30-39,male,1
PFE846C783E,50-59,female,3
PFED10EB991,18-29,male,1
PFF5D37A4BB,30-39,female,1
PFF65CAB7C7,40-49,female,1
